Organization,Repository Name,Last Updated,License,has_readme,has_citation,has_contributing,has_tags,latest_tag,latest_tag_date,repo_url,owner,owner_url,organization_url,citation_title,citation_dois,citation_swhids,orcids,readme_dois,citation_has_doi,readme_has_doi,has_license
jhu-sheridan-libraries,github-backup,2015-06-22T19:50:05Z,No license,True,False,False,False,,,https://github.com/jhu-sheridan-libraries/github-backup,jhu-sheridan-libraries,https://github.com/jhu-sheridan-libraries,https://github.com/jhu-sheridan-libraries,,,,,,No,No,True
jhu-sheridan-libraries,horizon-holding-info-servlet,2022-03-31T19:19:37Z,No license,True,False,False,True,v1.4.8,2019-02-14T14:32:36Z,https://github.com/jhu-sheridan-libraries/horizon-holding-info-servlet,jhu-sheridan-libraries,https://github.com/jhu-sheridan-libraries,https://github.com/jhu-sheridan-libraries,,,,,,No,No,True
jhu-sheridan-libraries,newsletter-demo,2023-01-28T19:43:40Z,No license,True,False,False,False,,,https://github.com/jhu-sheridan-libraries/newsletter-demo,jhu-sheridan-libraries,https://github.com/jhu-sheridan-libraries,https://github.com/jhu-sheridan-libraries,,,,,,No,No,True
jhu-sheridan-libraries,sufia-vagrant,2016-05-23T18:43:32Z,No license,True,False,False,False,,,https://github.com/jhu-sheridan-libraries/sufia-vagrant,jhu-sheridan-libraries,https://github.com/jhu-sheridan-libraries,https://github.com/jhu-sheridan-libraries,,,,,,No,No,True
jhu-sheridan-libraries,sufia-demo,2023-01-28T17:30:16Z,No license,True,False,False,False,,,https://github.com/jhu-sheridan-libraries/sufia-demo,jhu-sheridan-libraries,https://github.com/jhu-sheridan-libraries,https://github.com/jhu-sheridan-libraries,,,,,,No,No,True
jhu-sheridan-libraries,DSpace,2025-12-15T16:14:06Z,"BSD 3-Clause ""New"" or ""Revised"" License",True,False,True,True,jhu-preprod-9.1.1,2025-12-15T15:47:43Z,https://github.com/jhu-sheridan-libraries/DSpace,jhu-sheridan-libraries,https://github.com/jhu-sheridan-libraries,https://github.com/jhu-sheridan-libraries,,,,,,No,No,True
jhu-sheridan-libraries,docker-crowd,2019-04-12T18:25:02Z,No license,False,False,False,False,,,https://github.com/jhu-sheridan-libraries/docker-crowd,jhu-sheridan-libraries,https://github.com/jhu-sheridan-libraries,https://github.com/jhu-sheridan-libraries,,,,,,No,No,True
jhu-sheridan-libraries,fsicli,2016-07-28T14:26:50Z,No license,True,False,False,False,,,https://github.com/jhu-sheridan-libraries/fsicli,jhu-sheridan-libraries,https://github.com/jhu-sheridan-libraries,https://github.com/jhu-sheridan-libraries,,,,,,No,No,True
jhu-sheridan-libraries,docker_atlassian_applications,2018-04-10T18:17:43Z,No license,True,False,False,False,,,https://github.com/jhu-sheridan-libraries/docker_atlassian_applications,jhu-sheridan-libraries,https://github.com/jhu-sheridan-libraries,https://github.com/jhu-sheridan-libraries,,,,,,No,No,True
jhu-sheridan-libraries,operations-ansible,2016-12-12T17:29:39Z,No license,False,False,False,False,,,https://github.com/jhu-sheridan-libraries/operations-ansible,jhu-sheridan-libraries,https://github.com/jhu-sheridan-libraries,https://github.com/jhu-sheridan-libraries,,,,,,No,No,True
jhu-sheridan-libraries,dataverse-ansible-role,2022-11-22T15:04:01Z,No license,True,False,False,True,v1.1,2017-02-28T08:23:15Z,https://github.com/jhu-sheridan-libraries/dataverse-ansible-role,jhu-sheridan-libraries,https://github.com/jhu-sheridan-libraries,https://github.com/jhu-sheridan-libraries,,,,,,No,No,True
jhu-sheridan-libraries,fixity-check-python,2017-02-05T02:07:48Z,No license,False,False,False,False,,,https://github.com/jhu-sheridan-libraries/fixity-check-python,jhu-sheridan-libraries,https://github.com/jhu-sheridan-libraries,https://github.com/jhu-sheridan-libraries,,,,,,No,No,True
jhu-sheridan-libraries,ansible-role-apachehttpd,2020-11-09T20:57:17Z,No license,True,False,False,True,v0.1,2017-04-06T04:40:36Z,https://github.com/jhu-sheridan-libraries/ansible-role-apachehttpd,jhu-sheridan-libraries,https://github.com/jhu-sheridan-libraries,https://github.com/jhu-sheridan-libraries,,,,,,No,No,True
jhu-sheridan-libraries,ansible-role-ssl,2017-02-22T20:36:25Z,No license,True,False,False,False,,,https://github.com/jhu-sheridan-libraries/ansible-role-ssl,jhu-sheridan-libraries,https://github.com/jhu-sheridan-libraries,https://github.com/jhu-sheridan-libraries,,,,,,No,No,True
jhu-sheridan-libraries,ansible-phpsrv,2017-03-21T14:51:55Z,No license,False,False,False,False,,,https://github.com/jhu-sheridan-libraries/ansible-phpsrv,jhu-sheridan-libraries,https://github.com/jhu-sheridan-libraries,https://github.com/jhu-sheridan-libraries,,,,,,No,No,True
jhu-sheridan-libraries,wordpress-ansible-role,2020-11-09T21:03:42Z,No license,True,False,False,False,,,https://github.com/jhu-sheridan-libraries/wordpress-ansible-role,jhu-sheridan-libraries,https://github.com/jhu-sheridan-libraries,https://github.com/jhu-sheridan-libraries,,,,,,No,No,True
jhu-sheridan-libraries,idproxy-ansible-role,2017-02-28T07:47:37Z,No license,True,False,False,True,v1.0,2017-02-28T07:57:44Z,https://github.com/jhu-sheridan-libraries/idproxy-ansible-role,jhu-sheridan-libraries,https://github.com/jhu-sheridan-libraries,https://github.com/jhu-sheridan-libraries,,,,,,No,No,True
jhu-sheridan-libraries,dataverse,2022-11-22T15:05:48Z,Other,True,False,True,True,v4.3.1,2016-05-11T22:36:18Z,https://github.com/jhu-sheridan-libraries/dataverse,jhu-sheridan-libraries,https://github.com/jhu-sheridan-libraries,https://github.com/jhu-sheridan-libraries,,,,,,No,No,True
jhu-sheridan-libraries,ansible-sharedblogs01,2017-03-09T18:27:47Z,No license,True,False,False,False,,,https://github.com/jhu-sheridan-libraries/ansible-sharedblogs01,jhu-sheridan-libraries,https://github.com/jhu-sheridan-libraries,https://github.com/jhu-sheridan-libraries,,,,,,No,No,True
jhu-sheridan-libraries,ansible-role-mysql,2024-01-08T15:08:10Z,No license,True,False,False,False,,,https://github.com/jhu-sheridan-libraries/ansible-role-mysql,jhu-sheridan-libraries,https://github.com/jhu-sheridan-libraries,https://github.com/jhu-sheridan-libraries,,,,,,No,No,True
jhu-sheridan-libraries,ansible-role-varnishcache,2017-04-03T18:02:22Z,No license,True,False,False,False,,,https://github.com/jhu-sheridan-libraries/ansible-role-varnishcache,jhu-sheridan-libraries,https://github.com/jhu-sheridan-libraries,https://github.com/jhu-sheridan-libraries,,,,,,No,No,True
jhu-sheridan-libraries,gis_assessment,2017-05-16T20:06:52Z,No license,False,False,False,False,,,https://github.com/jhu-sheridan-libraries/gis_assessment,jhu-sheridan-libraries,https://github.com/jhu-sheridan-libraries,https://github.com/jhu-sheridan-libraries,,,,,,No,No,True
jhu-sheridan-libraries,pbis-ansible-role,2019-12-06T20:34:30Z,No license,True,False,False,False,,,https://github.com/jhu-sheridan-libraries/pbis-ansible-role,jhu-sheridan-libraries,https://github.com/jhu-sheridan-libraries,https://github.com/jhu-sheridan-libraries,,,,,,No,No,True
jhu-sheridan-libraries,ntp-ansible-role,2020-11-09T21:00:52Z,No license,True,False,False,False,,,https://github.com/jhu-sheridan-libraries/ntp-ansible-role,jhu-sheridan-libraries,https://github.com/jhu-sheridan-libraries,https://github.com/jhu-sheridan-libraries,,,,,,No,No,True
jhu-sheridan-libraries,baseline_packages-ansible-role,2017-06-01T18:20:02Z,No license,True,False,False,False,,,https://github.com/jhu-sheridan-libraries/baseline_packages-ansible-role,jhu-sheridan-libraries,https://github.com/jhu-sheridan-libraries,https://github.com/jhu-sheridan-libraries,,,,,,No,No,True
jhu-sheridan-libraries,ansible-role-php,2017-06-28T13:15:32Z,MIT License,True,False,False,True,3.4.5,2017-05-17T03:27:00Z,https://github.com/jhu-sheridan-libraries/ansible-role-php,jhu-sheridan-libraries,https://github.com/jhu-sheridan-libraries,https://github.com/jhu-sheridan-libraries,,,,,,No,No,True
jhu-sheridan-libraries,postfix-smarthost-ansible-role,2020-11-09T21:02:21Z,No license,True,False,False,False,,,https://github.com/jhu-sheridan-libraries/postfix-smarthost-ansible-role,jhu-sheridan-libraries,https://github.com/jhu-sheridan-libraries,https://github.com/jhu-sheridan-libraries,,,,,,No,No,True
jhu-sheridan-libraries,ybpscript,2022-04-19T16:53:10Z,No license,True,False,False,False,,,https://github.com/jhu-sheridan-libraries/ybpscript,jhu-sheridan-libraries,https://github.com/jhu-sheridan-libraries,https://github.com/jhu-sheridan-libraries,,,,,,No,No,True
jhu-sheridan-libraries,catalyst-traject,2023-08-08T19:47:47Z,No license,True,False,False,True,v21.11,2022-08-15T13:58:35Z,https://github.com/jhu-sheridan-libraries/catalyst-traject,jhu-sheridan-libraries,https://github.com/jhu-sheridan-libraries,https://github.com/jhu-sheridan-libraries,,,,,,No,No,True
jhu-sheridan-libraries,traject_horizon,2018-08-27T19:31:07Z,MIT License,True,False,False,True,v1.3.0,2015-02-11T20:41:11Z,https://github.com/jhu-sheridan-libraries/traject_horizon,jhu-sheridan-libraries,https://github.com/jhu-sheridan-libraries,https://github.com/jhu-sheridan-libraries,,,,,,No,No,True
jhu-sheridan-libraries,zookeeper-ansible,2018-08-27T19:29:42Z,No license,False,False,False,False,,,https://github.com/jhu-sheridan-libraries/zookeeper-ansible,jhu-sheridan-libraries,https://github.com/jhu-sheridan-libraries,https://github.com/jhu-sheridan-libraries,,,,,,No,No,True
jhu-sheridan-libraries,catalyst-pull-reserves,2021-03-05T18:48:35Z,Creative Commons Zero v1.0 Universal,True,False,False,False,,,https://github.com/jhu-sheridan-libraries/catalyst-pull-reserves,jhu-sheridan-libraries,https://github.com/jhu-sheridan-libraries,https://github.com/jhu-sheridan-libraries,,,,,,No,No,True
jhu-sheridan-libraries,lag-git-share,2017-12-07T17:43:13Z,No license,True,False,False,False,,,https://github.com/jhu-sheridan-libraries/lag-git-share,jhu-sheridan-libraries,https://github.com/jhu-sheridan-libraries,https://github.com/jhu-sheridan-libraries,,,,,,No,No,True
jhu-sheridan-libraries,aws-cloudformation-templates,2017-12-13T19:55:47Z,No license,False,False,False,False,,,https://github.com/jhu-sheridan-libraries/aws-cloudformation-templates,jhu-sheridan-libraries,https://github.com/jhu-sheridan-libraries,https://github.com/jhu-sheridan-libraries,,,,,,No,No,True
jhu-sheridan-libraries,aws-sfx,2019-01-04T21:15:30Z,No license,True,False,False,False,,,https://github.com/jhu-sheridan-libraries/aws-sfx,jhu-sheridan-libraries,https://github.com/jhu-sheridan-libraries,https://github.com/jhu-sheridan-libraries,,,,,,No,No,True
jhu-sheridan-libraries,jhu-bento,2023-01-28T16:26:09Z,No license,True,False,False,False,,,https://github.com/jhu-sheridan-libraries/jhu-bento,jhu-sheridan-libraries,https://github.com/jhu-sheridan-libraries,https://github.com/jhu-sheridan-libraries,,,,,,No,No,True
jhu-sheridan-libraries,pass-docker,2019-07-01T14:31:24Z,No license,True,False,False,True,demo,2017-12-12T21:07:03Z,https://github.com/jhu-sheridan-libraries/pass-docker,jhu-sheridan-libraries,https://github.com/jhu-sheridan-libraries,https://github.com/jhu-sheridan-libraries,,,,,,No,No,True
jhu-sheridan-libraries,msel-pass-fcrepo,2019-07-01T14:31:16Z,No license,False,False,False,False,,,https://github.com/jhu-sheridan-libraries/msel-pass-fcrepo,jhu-sheridan-libraries,https://github.com/jhu-sheridan-libraries,https://github.com/jhu-sheridan-libraries,,,,,,No,No,True
jhu-sheridan-libraries,ui-oriole-staff,2020-04-17T14:36:23Z,Apache License 2.0,True,False,True,False,,,https://github.com/jhu-sheridan-libraries/ui-oriole-staff,jhu-sheridan-libraries,https://github.com/jhu-sheridan-libraries,https://github.com/jhu-sheridan-libraries,,,,,,No,No,True
jhu-sheridan-libraries,mod-oriole,2024-11-06T16:23:14Z,No license,True,False,False,True,v1.0.24,2024-11-06T16:26:50Z,https://github.com/jhu-sheridan-libraries/mod-oriole,jhu-sheridan-libraries,https://github.com/jhu-sheridan-libraries,https://github.com/jhu-sheridan-libraries,,,,,,No,No,True
jhu-sheridan-libraries,msel-jeff-aws-sandbox,2019-01-04T21:20:25Z,No license,True,False,False,False,,,https://github.com/jhu-sheridan-libraries/msel-jeff-aws-sandbox,jhu-sheridan-libraries,https://github.com/jhu-sheridan-libraries,https://github.com/jhu-sheridan-libraries,,,,,,No,No,True
jhu-sheridan-libraries,docker-awslogs,2018-08-03T16:46:48Z,No license,True,False,False,False,,,https://github.com/jhu-sheridan-libraries/docker-awslogs,jhu-sheridan-libraries,https://github.com/jhu-sheridan-libraries,https://github.com/jhu-sheridan-libraries,,,,,,No,No,True
jhu-sheridan-libraries,nutch-compose,2020-12-01T14:29:03Z,No license,True,False,False,True,v1.0.0,2018-10-05T14:50:51Z,https://github.com/jhu-sheridan-libraries/nutch-compose,jhu-sheridan-libraries,https://github.com/jhu-sheridan-libraries,https://github.com/jhu-sheridan-libraries,,,,,,No,No,True
jhu-sheridan-libraries,pass-elasticsearch-snapshot-scripts,2019-07-01T14:30:33Z,No license,False,False,False,False,,,https://github.com/jhu-sheridan-libraries/pass-elasticsearch-snapshot-scripts,jhu-sheridan-libraries,https://github.com/jhu-sheridan-libraries,https://github.com/jhu-sheridan-libraries,,,,,,No,No,True
jhu-sheridan-libraries,ui-oriole-patron,2025-07-15T14:17:46Z,No license,True,False,False,False,,,https://github.com/jhu-sheridan-libraries/ui-oriole-patron,jhu-sheridan-libraries,https://github.com/jhu-sheridan-libraries,https://github.com/jhu-sheridan-libraries,,,,,,No,No,True
jhu-sheridan-libraries,folio-ansible,2018-11-29T14:44:52Z,Apache License 2.0,True,False,True,True,v4.1.0,2017-09-06T20:32:00Z,https://github.com/jhu-sheridan-libraries/folio-ansible,jhu-sheridan-libraries,https://github.com/jhu-sheridan-libraries,https://github.com/jhu-sheridan-libraries,,,,,,No,No,True
jhu-sheridan-libraries,oriole-data-migration,2021-12-30T15:25:31Z,No license,True,False,False,False,,,https://github.com/jhu-sheridan-libraries/oriole-data-migration,jhu-sheridan-libraries,https://github.com/jhu-sheridan-libraries,https://github.com/jhu-sheridan-libraries,,,,,,No,No,True
jhu-sheridan-libraries,elk-stack-prototype,2019-08-20T13:14:04Z,No license,True,False,False,False,,,https://github.com/jhu-sheridan-libraries/elk-stack-prototype,jhu-sheridan-libraries,https://github.com/jhu-sheridan-libraries,https://github.com/jhu-sheridan-libraries,,,,,,No,No,True
jhu-sheridan-libraries,oriole-ansible,2019-09-16T13:12:34Z,No license,True,False,False,False,,,https://github.com/jhu-sheridan-libraries/oriole-ansible,jhu-sheridan-libraries,https://github.com/jhu-sheridan-libraries,https://github.com/jhu-sheridan-libraries,,,,,,No,No,True
jhu-sheridan-libraries,crowd_groups,2019-04-16T15:22:54Z,No license,False,False,False,False,,,https://github.com/jhu-sheridan-libraries/crowd_groups,jhu-sheridan-libraries,https://github.com/jhu-sheridan-libraries,https://github.com/jhu-sheridan-libraries,,,,,,No,No,True
jhu-sheridan-libraries,gcsv5_aws_infrastructure,2019-05-01T16:28:08Z,No license,True,False,False,False,,,https://github.com/jhu-sheridan-libraries/gcsv5_aws_infrastructure,jhu-sheridan-libraries,https://github.com/jhu-sheridan-libraries,https://github.com/jhu-sheridan-libraries,,,,,,No,No,True
jhu-sheridan-libraries,ldap-lookup,2019-05-28T01:23:04Z,No license,True,False,False,False,,,https://github.com/jhu-sheridan-libraries/ldap-lookup,jhu-sheridan-libraries,https://github.com/jhu-sheridan-libraries,https://github.com/jhu-sheridan-libraries,,,,,,No,No,True
jhu-sheridan-libraries,msel-terraform-docker,2019-06-17T03:15:18Z,No license,False,False,False,False,,,https://github.com/jhu-sheridan-libraries/msel-terraform-docker,jhu-sheridan-libraries,https://github.com/jhu-sheridan-libraries,https://github.com/jhu-sheridan-libraries,,,,,,No,No,True
jhu-sheridan-libraries,islandora-pilot,2019-11-01T16:54:04Z,MIT License,True,False,False,False,,,https://github.com/jhu-sheridan-libraries/islandora-pilot,jhu-sheridan-libraries,https://github.com/jhu-sheridan-libraries,https://github.com/jhu-sheridan-libraries,,,,,,No,No,True
jhu-sheridan-libraries,terraform-azure-horizon,2019-06-26T12:47:59Z,No license,True,False,False,False,,,https://github.com/jhu-sheridan-libraries/terraform-azure-horizon,jhu-sheridan-libraries,https://github.com/jhu-sheridan-libraries,https://github.com/jhu-sheridan-libraries,,,,,,No,No,True
jhu-sheridan-libraries,centos7-packer,2019-07-08T17:19:23Z,No license,False,False,False,False,,,https://github.com/jhu-sheridan-libraries/centos7-packer,jhu-sheridan-libraries,https://github.com/jhu-sheridan-libraries,https://github.com/jhu-sheridan-libraries,,,,,,No,No,True
jhu-sheridan-libraries,gcv5_terraform,2019-07-08T18:21:22Z,No license,True,False,False,False,,,https://github.com/jhu-sheridan-libraries/gcv5_terraform,jhu-sheridan-libraries,https://github.com/jhu-sheridan-libraries,https://github.com/jhu-sheridan-libraries,,,,,,No,No,True
jhu-sheridan-libraries,msel-terraform-aws-vpc,2019-07-11T12:16:07Z,No license,True,False,False,False,,,https://github.com/jhu-sheridan-libraries/msel-terraform-aws-vpc,jhu-sheridan-libraries,https://github.com/jhu-sheridan-libraries,https://github.com/jhu-sheridan-libraries,,,,,,No,No,True
jhu-sheridan-libraries,python_slack_api,2019-07-15T03:54:35Z,No license,True,False,False,True,0.0.2,2019-07-14T16:02:55Z,https://github.com/jhu-sheridan-libraries/python_slack_api,jhu-sheridan-libraries,https://github.com/jhu-sheridan-libraries,https://github.com/jhu-sheridan-libraries,,,,,,No,No,True
jhu-sheridan-libraries,lambda-slack-list-active,2019-07-22T18:53:30Z,Apache License 2.0,False,False,False,False,,,https://github.com/jhu-sheridan-libraries/lambda-slack-list-active,jhu-sheridan-libraries,https://github.com/jhu-sheridan-libraries,https://github.com/jhu-sheridan-libraries,,,,,,No,No,True
jhu-sheridan-libraries,vireo-ansible,2019-07-23T17:49:10Z,No license,True,False,False,True,v1.0,2019-06-20T16:02:12Z,https://github.com/jhu-sheridan-libraries/vireo-ansible,jhu-sheridan-libraries,https://github.com/jhu-sheridan-libraries,https://github.com/jhu-sheridan-libraries,,,,,,No,No,True
jhu-sheridan-libraries,jscholarship-ansible,2025-06-25T15:20:42Z,Creative Commons Zero v1.0 Universal,True,False,False,False,,,https://github.com/jhu-sheridan-libraries/jscholarship-ansible,jhu-sheridan-libraries,https://github.com/jhu-sheridan-libraries,https://github.com/jhu-sheridan-libraries,,,,,,No,No,True
jhu-sheridan-libraries,dataverse-ansible,2022-11-22T15:05:01Z,No license,True,False,False,False,,,https://github.com/jhu-sheridan-libraries/dataverse-ansible,jhu-sheridan-libraries,https://github.com/jhu-sheridan-libraries,https://github.com/jhu-sheridan-libraries,,,,,,No,No,True
jhu-sheridan-libraries,nrpe-ansible-role,2019-08-22T19:43:29Z,No license,True,False,False,False,,,https://github.com/jhu-sheridan-libraries/nrpe-ansible-role,jhu-sheridan-libraries,https://github.com/jhu-sheridan-libraries,https://github.com/jhu-sheridan-libraries,,,,,,No,No,True
jhu-sheridan-libraries,islandora-pilot-terraform,2020-02-06T21:23:16Z,No license,False,False,False,False,,,https://github.com/jhu-sheridan-libraries/islandora-pilot-terraform,jhu-sheridan-libraries,https://github.com/jhu-sheridan-libraries,https://github.com/jhu-sheridan-libraries,,,,,,No,No,True
jhu-sheridan-libraries,jenkins-ssh-agent-python37,2019-09-25T14:39:25Z,No license,False,False,False,False,,,https://github.com/jhu-sheridan-libraries/jenkins-ssh-agent-python37,jhu-sheridan-libraries,https://github.com/jhu-sheridan-libraries,https://github.com/jhu-sheridan-libraries,,,,,,No,No,True
jhu-sheridan-libraries,sisetl,2019-08-22T14:59:24Z,No license,True,False,False,False,,,https://github.com/jhu-sheridan-libraries/sisetl,jhu-sheridan-libraries,https://github.com/jhu-sheridan-libraries,https://github.com/jhu-sheridan-libraries,,,,,,No,No,True
jhu-sheridan-libraries,jhuda-deposit-ui,2020-01-13T21:00:26Z,No license,True,False,False,False,,,https://github.com/jhu-sheridan-libraries/jhuda-deposit-ui,jhu-sheridan-libraries,https://github.com/jhu-sheridan-libraries,https://github.com/jhu-sheridan-libraries,,,,,,No,No,True
jhu-sheridan-libraries,jhuda-docker,2020-01-03T19:41:38Z,No license,True,False,False,False,,,https://github.com/jhu-sheridan-libraries/jhuda-docker,jhu-sheridan-libraries,https://github.com/jhu-sheridan-libraries,https://github.com/jhu-sheridan-libraries,,,,,,No,No,True
jhu-sheridan-libraries,jhuda-prototype,2019-10-28T18:31:08Z,No license,False,False,False,False,,,https://github.com/jhu-sheridan-libraries/jhuda-prototype,jhu-sheridan-libraries,https://github.com/jhu-sheridan-libraries,https://github.com/jhu-sheridan-libraries,,,,,,No,No,True
jhu-sheridan-libraries,jhuda-general-issues,2019-10-28T18:32:03Z,No license,True,False,False,False,,,https://github.com/jhu-sheridan-libraries/jhuda-general-issues,jhu-sheridan-libraries,https://github.com/jhu-sheridan-libraries,https://github.com/jhu-sheridan-libraries,,,,,,No,No,True
jhu-sheridan-libraries,jhuda-deposit-ui-static,2019-10-30T13:02:43Z,No license,True,False,False,False,,,https://github.com/jhu-sheridan-libraries/jhuda-deposit-ui-static,jhu-sheridan-libraries,https://github.com/jhu-sheridan-libraries,https://github.com/jhu-sheridan-libraries,,,,,,No,No,True
jhu-sheridan-libraries,jhuda-hb-ui,2019-10-28T18:32:11Z,No license,False,False,False,False,,,https://github.com/jhu-sheridan-libraries/jhuda-hb-ui,jhu-sheridan-libraries,https://github.com/jhu-sheridan-libraries,https://github.com/jhu-sheridan-libraries,,,,,,No,No,True
jhu-sheridan-libraries,jhuda-data-models,2019-12-03T18:02:18Z,No license,True,False,False,False,,,https://github.com/jhu-sheridan-libraries/jhuda-data-models,jhu-sheridan-libraries,https://github.com/jhu-sheridan-libraries,https://github.com/jhu-sheridan-libraries,,,,,,No,No,True
jhu-sheridan-libraries,jhuda-authz,2019-12-06T20:28:37Z,Apache License 2.0,True,False,False,False,,,https://github.com/jhu-sheridan-libraries/jhuda-authz,jhu-sheridan-libraries,https://github.com/jhu-sheridan-libraries,https://github.com/jhu-sheridan-libraries,,,,,,No,No,True
jhu-sheridan-libraries,geoblacklight-solr,2020-01-15T15:15:13Z,No license,True,False,False,False,,,https://github.com/jhu-sheridan-libraries/geoblacklight-solr,jhu-sheridan-libraries,https://github.com/jhu-sheridan-libraries,https://github.com/jhu-sheridan-libraries,,,,,,No,No,True
jhu-sheridan-libraries,jhuda-deposit-service,2019-11-01T16:54:07Z,No license,False,False,False,False,,,https://github.com/jhu-sheridan-libraries/jhuda-deposit-service,jhu-sheridan-libraries,https://github.com/jhu-sheridan-libraries,https://github.com/jhu-sheridan-libraries,,,,,,No,No,True
jhu-sheridan-libraries,jhuda-docker-fcrepo,2019-11-27T23:09:37Z,No license,True,False,False,False,,,https://github.com/jhu-sheridan-libraries/jhuda-docker-fcrepo,jhu-sheridan-libraries,https://github.com/jhu-sheridan-libraries,https://github.com/jhu-sheridan-libraries,,,,,,No,No,True
jhu-sheridan-libraries,jhuda-docker-assets,2019-11-27T19:56:51Z,No license,True,False,False,False,,,https://github.com/jhu-sheridan-libraries/jhuda-docker-assets,jhu-sheridan-libraries,https://github.com/jhu-sheridan-libraries,https://github.com/jhu-sheridan-libraries,,,,,,No,No,True
jhu-sheridan-libraries,stfrancis-lutece-site,2021-06-09T15:23:21Z,No license,True,False,False,True,v0.0.4,2020-01-22T19:18:54Z,https://github.com/jhu-sheridan-libraries/stfrancis-lutece-site,jhu-sheridan-libraries,https://github.com/jhu-sheridan-libraries,https://github.com/jhu-sheridan-libraries,,,,,,No,No,True
jhu-sheridan-libraries,jhuda-docker-idp,2019-11-27T21:19:51Z,No license,True,False,False,False,,,https://github.com/jhu-sheridan-libraries/jhuda-docker-idp,jhu-sheridan-libraries,https://github.com/jhu-sheridan-libraries,https://github.com/jhu-sheridan-libraries,,,,,,No,No,True
jhu-sheridan-libraries,jhuda-operations,2019-11-26T15:35:23Z,No license,True,False,False,False,,,https://github.com/jhu-sheridan-libraries/jhuda-operations,jhu-sheridan-libraries,https://github.com/jhu-sheridan-libraries,https://github.com/jhu-sheridan-libraries,,,,,,No,No,True
jhu-sheridan-libraries,jhuda-docker-activemq,2019-11-27T20:17:52Z,No license,True,False,False,False,,,https://github.com/jhu-sheridan-libraries/jhuda-docker-activemq,jhu-sheridan-libraries,https://github.com/jhu-sheridan-libraries,https://github.com/jhu-sheridan-libraries,,,,,,No,No,True
jhu-sheridan-libraries,jhuda-docker-proxy,2019-11-27T21:20:17Z,No license,True,False,False,False,,,https://github.com/jhu-sheridan-libraries/jhuda-docker-proxy,jhu-sheridan-libraries,https://github.com/jhu-sheridan-libraries,https://github.com/jhu-sheridan-libraries,,,,,,No,No,True
jhu-sheridan-libraries,jhuda-docker-ldap,2019-11-09T02:52:00Z,No license,True,False,False,False,,,https://github.com/jhu-sheridan-libraries/jhuda-docker-ldap,jhu-sheridan-libraries,https://github.com/jhu-sheridan-libraries,https://github.com/jhu-sheridan-libraries,,,,,,No,No,True
jhu-sheridan-libraries,jhuda-docker-sp,2019-12-06T13:26:59Z,No license,True,False,False,False,,,https://github.com/jhu-sheridan-libraries/jhuda-docker-sp,jhu-sheridan-libraries,https://github.com/jhu-sheridan-libraries,https://github.com/jhu-sheridan-libraries,,,,,,No,No,True
jhu-sheridan-libraries,jhuda-docker-user-service,2019-12-13T22:33:44Z,Apache License 2.0,True,False,False,False,,,https://github.com/jhu-sheridan-libraries/jhuda-docker-user-service,jhu-sheridan-libraries,https://github.com/jhu-sheridan-libraries,https://github.com/jhu-sheridan-libraries,,,,,,No,No,True
jhu-sheridan-libraries,jhuda-notification-service,2020-01-02T19:53:16Z,No license,False,False,False,False,,,https://github.com/jhu-sheridan-libraries/jhuda-notification-service,jhu-sheridan-libraries,https://github.com/jhu-sheridan-libraries,https://github.com/jhu-sheridan-libraries,,,,,,No,No,True
jhu-sheridan-libraries,lutece-enroll-plugin,2021-12-29T14:25:13Z,No license,True,False,False,True,v1.1.0,2020-02-13T18:37:56Z,https://github.com/jhu-sheridan-libraries/lutece-enroll-plugin,jhu-sheridan-libraries,https://github.com/jhu-sheridan-libraries,https://github.com/jhu-sheridan-libraries,,,,,,No,No,True
jhu-sheridan-libraries,geoblacklight-docker,2021-06-01T19:03:56Z,No license,True,False,False,False,,,https://github.com/jhu-sheridan-libraries/geoblacklight-docker,jhu-sheridan-libraries,https://github.com/jhu-sheridan-libraries,https://github.com/jhu-sheridan-libraries,,,,,,No,No,True
jhu-sheridan-libraries,lutece-init,2021-03-29T15:09:23Z,No license,True,False,False,False,,,https://github.com/jhu-sheridan-libraries/lutece-init,jhu-sheridan-libraries,https://github.com/jhu-sheridan-libraries,https://github.com/jhu-sheridan-libraries,,,,,,No,No,True
jhu-sheridan-libraries,saml-sp-metadata-gen-docker,2020-03-02T21:19:41Z,No license,True,False,False,False,,,https://github.com/jhu-sheridan-libraries/saml-sp-metadata-gen-docker,jhu-sheridan-libraries,https://github.com/jhu-sheridan-libraries,https://github.com/jhu-sheridan-libraries,,,,,,No,No,True
jhu-sheridan-libraries,ecs-geoblacklight,2020-05-08T17:46:48Z,No license,True,False,False,False,,,https://github.com/jhu-sheridan-libraries/ecs-geoblacklight,jhu-sheridan-libraries,https://github.com/jhu-sheridan-libraries,https://github.com/jhu-sheridan-libraries,,,,,,No,No,True
jhu-sheridan-libraries,rails_stackview,2020-07-21T20:07:00Z,MIT License,True,False,False,True,v1.0.1,2015-07-20T18:39:57Z,https://github.com/jhu-sheridan-libraries/rails_stackview,jhu-sheridan-libraries,https://github.com/jhu-sheridan-libraries,https://github.com/jhu-sheridan-libraries,,,,,,No,No,True
jhu-sheridan-libraries,cicd_vuln_test,2020-05-14T18:43:19Z,No license,False,False,False,False,,,https://github.com/jhu-sheridan-libraries/cicd_vuln_test,jhu-sheridan-libraries,https://github.com/jhu-sheridan-libraries,https://github.com/jhu-sheridan-libraries,,,,,,No,No,True
jhu-sheridan-libraries,umlaut,2020-05-21T19:06:03Z,Other,True,False,False,True,v4.1.7,2015-10-26T20:26:41Z,https://github.com/jhu-sheridan-libraries/umlaut,jhu-sheridan-libraries,https://github.com/jhu-sheridan-libraries,https://github.com/jhu-sheridan-libraries,,,,,,No,No,True
jhu-sheridan-libraries,gru-plugin-appointment,2020-09-17T13:53:23Z,No license,True,False,False,True,plugin-appointment-2.1.0,2020-04-08T13:35:35Z,https://github.com/jhu-sheridan-libraries/gru-plugin-appointment,jhu-sheridan-libraries,https://github.com/jhu-sheridan-libraries,https://github.com/jhu-sheridan-libraries,,,,,,No,No,True
jhu-sheridan-libraries,isle-k8s,2020-07-17T13:41:53Z,No license,True,False,False,False,,,https://github.com/jhu-sheridan-libraries/isle-k8s,jhu-sheridan-libraries,https://github.com/jhu-sheridan-libraries,https://github.com/jhu-sheridan-libraries,,,,,,No,No,True
jhu-sheridan-libraries,sfx_sql_utilities,2020-08-05T17:42:31Z,No license,True,False,False,False,,,https://github.com/jhu-sheridan-libraries/sfx_sql_utilities,jhu-sheridan-libraries,https://github.com/jhu-sheridan-libraries,https://github.com/jhu-sheridan-libraries,,,,,,No,No,True
jhu-sheridan-libraries,lutece-sfncApp-k8s,2021-09-29T14:21:37Z,No license,True,False,False,False,,,https://github.com/jhu-sheridan-libraries/lutece-sfncApp-k8s,jhu-sheridan-libraries,https://github.com/jhu-sheridan-libraries,https://github.com/jhu-sheridan-libraries,,,,,,No,No,True
jhu-sheridan-libraries,lutece-core,2021-09-03T13:15:06Z,"BSD 3-Clause ""New"" or ""Revised"" License",True,False,False,True,lutece-core-7.0.0-RC-08,2021-07-23T07:22:44Z,https://github.com/jhu-sheridan-libraries/lutece-core,jhu-sheridan-libraries,https://github.com/jhu-sheridan-libraries,https://github.com/jhu-sheridan-libraries,,,,,,No,No,True
jhu-sheridan-libraries,lutece-apps-plugin-enrollment,2021-12-21T18:16:31Z,No license,True,False,False,False,,,https://github.com/jhu-sheridan-libraries/lutece-apps-plugin-enrollment,jhu-sheridan-libraries,https://github.com/jhu-sheridan-libraries,https://github.com/jhu-sheridan-libraries,,,,,,No,No,True
jhu-sheridan-libraries,sheridan_libraries_theme_drupal,2023-02-07T17:56:12Z,No license,True,False,False,False,,,https://github.com/jhu-sheridan-libraries/sheridan_libraries_theme_drupal,jhu-sheridan-libraries,https://github.com/jhu-sheridan-libraries,https://github.com/jhu-sheridan-libraries,,,,,,No,No,True
jhu-sheridan-libraries,corelogic-realestate,2023-02-20T14:28:27Z,No license,True,False,False,False,,,https://github.com/jhu-sheridan-libraries/corelogic-realestate,jhu-sheridan-libraries,https://github.com/jhu-sheridan-libraries,https://github.com/jhu-sheridan-libraries,,,,,,No,No,True
jhu-sheridan-libraries,sheridan-libraries-omeka-s-theme,2025-09-08T19:58:38Z,No license,False,False,False,False,,,https://github.com/jhu-sheridan-libraries/sheridan-libraries-omeka-s-theme,jhu-sheridan-libraries,https://github.com/jhu-sheridan-libraries,https://github.com/jhu-sheridan-libraries,,,,,,No,No,True
jhu-sheridan-libraries,dspace-angular,2025-07-22T12:25:37Z,"BSD 3-Clause ""New"" or ""Revised"" License",True,False,True,True,jhu-preprod-9.1.1,2025-12-15T15:47:45Z,https://github.com/jhu-sheridan-libraries/dspace-angular,jhu-sheridan-libraries,https://github.com/jhu-sheridan-libraries,https://github.com/jhu-sheridan-libraries,,,,,,No,No,True
jhu-sheridan-libraries,dspace-configs,2025-12-17T15:12:46Z,No license,True,False,False,False,,,https://github.com/jhu-sheridan-libraries/dspace-configs,jhu-sheridan-libraries,https://github.com/jhu-sheridan-libraries,https://github.com/jhu-sheridan-libraries,,,,,,No,No,True
jhu-sheridan-libraries,dspace-jscholarship-theme,2025-12-17T15:11:57Z,Apache License 2.0,True,False,False,True,jhu-preprod-9.1.1,2025-12-15T15:47:46Z,https://github.com/jhu-sheridan-libraries/dspace-jscholarship-theme,jhu-sheridan-libraries,https://github.com/jhu-sheridan-libraries,https://github.com/jhu-sheridan-libraries,,,,,,No,No,True
jhu-sheridan-libraries,pass-ui-public,2023-05-16T17:48:28Z,Apache License 2.0,True,False,False,False,,,https://github.com/jhu-sheridan-libraries/pass-ui-public,jhu-sheridan-libraries,https://github.com/jhu-sheridan-libraries,https://github.com/jhu-sheridan-libraries,,,,,,No,No,True
jhu-sheridan-libraries,dataverse_py,2024-07-22T14:22:57Z,No license,True,False,False,False,,,https://github.com/jhu-sheridan-libraries/dataverse_py,jhu-sheridan-libraries,https://github.com/jhu-sheridan-libraries,https://github.com/jhu-sheridan-libraries,,,,,,No,No,True
jhu-sheridan-libraries,vireo3_to_vireo4,2025-04-17T13:48:46Z,No license,True,False,False,False,,,https://github.com/jhu-sheridan-libraries/vireo3_to_vireo4,jhu-sheridan-libraries,https://github.com/jhu-sheridan-libraries,https://github.com/jhu-sheridan-libraries,,,,,,No,No,True
jhu-sheridan-libraries,Vireo,2025-11-13T18:42:38Z,GNU General Public License v2.0,True,False,True,True,v4.2.10-jhu-1,2025-07-09T10:16:46Z,https://github.com/jhu-sheridan-libraries/Vireo,jhu-sheridan-libraries,https://github.com/jhu-sheridan-libraries,https://github.com/jhu-sheridan-libraries,,,,,,No,No,True
jhu-sheridan-libraries,jhu-central-data-store,2025-05-30T12:50:57Z,No license,True,False,False,False,,,https://github.com/jhu-sheridan-libraries/jhu-central-data-store,jhu-sheridan-libraries,https://github.com/jhu-sheridan-libraries,https://github.com/jhu-sheridan-libraries,,,,,,No,No,True
jhu-sheridan-libraries,LibCalReceipts4Peabody,2025-03-26T15:10:42Z,No license,True,False,False,False,,,https://github.com/jhu-sheridan-libraries/LibCalReceipts4Peabody,jhu-sheridan-libraries,https://github.com/jhu-sheridan-libraries,https://github.com/jhu-sheridan-libraries,,,,,,No,No,True
jhu-sheridan-libraries,whisper_testing,2025-12-10T15:11:00Z,No license,True,False,False,False,,,https://github.com/jhu-sheridan-libraries/whisper_testing,jhu-sheridan-libraries,https://github.com/jhu-sheridan-libraries,https://github.com/jhu-sheridan-libraries,,,,,,No,No,True
jhu-sheridan-libraries,jhu-dspace-deployment,2025-12-17T21:27:37Z,No license,True,False,False,True,jhu-preprod-9.1.1,2025-12-15T15:47:41Z,https://github.com/jhu-sheridan-libraries/jhu-dspace-deployment,jhu-sheridan-libraries,https://github.com/jhu-sheridan-libraries,https://github.com/jhu-sheridan-libraries,,,,,,No,No,True
jhu-sheridan-libraries,ai-tool-evaluation-checklist,2025-06-18T15:38:54Z,Creative Commons Attribution 4.0 International,True,False,False,False,,,https://github.com/jhu-sheridan-libraries/ai-tool-evaluation-checklist,jhu-sheridan-libraries,https://github.com/jhu-sheridan-libraries,https://github.com/jhu-sheridan-libraries,,,,,,No,No,True
